method,hr_mae,pulse_snr,pulse_cor,rr_mae,resp_snr,resp_cor
G,27.70621927234887,-15.007110314059164,0.223712126011746,0.0,0.0,0.0
CHROM,24.06345975579728,-11.66658396952486,0.16333614514679298,0.0,0.0,0.0
POS,17.794871428491465,-11.943671900663842,0.27572711757170243,0.0,0.0,0.0
VitalLens,4.622805987010308,2.8313874453381995,0.6711940631318561,3.764053007131582,-1.2328959859592052,0.46940915572272246
