method,hr_mae,pulse_snr,pulse_cor,rr_mae,resp_snr,resp_cor
POS,1.066039418170199,7.32045879988484,0.7205593552125227,2.1820669187882644,4.1521305587012725,0.800144347844624
VitalLens,1.7080614467346558,9.052028006606443,0.7879216534797234,2.426073502296371,4.4023894161816575,0.8135646744867556
