method,hr_mae,pulse_snr,pulse_cor,rr_mae,resp_snr,resp_cor
POS,2.7695857929137664,4.528526130994571,0.6955819811843805,3.4759682453961918,0.3017874871266816,0.5407885452115267
VitalLens,2.416733240625184,4.661792676266277,0.7058628523762583,3.609680388446459,-0.03831319465430882,0.5321196167318362
